1 Credit Clear,621fb5bf-5498-4d8f-b4ac-db4d40d401bf
Design,7b49f69a-5d95-4c94-b7e3-66e2c0c6f6c6
Champion: Lux,1c628b75-b1c3-4a2f-9d1d-056c1f555f0e
Catalan,b1650f8e-cf56-4e62-99e3-0142cfc7e081
Map: The Crystal Scar,cba692e4-3431-4af4-b6ac-eb50600a8023
FGC,3280c8d8-64c0-45f7-aeaa-189928b0e82c
Map: Nuke,8a06e67b-f8e0-489e-bb40-1cda413ec0c2
American Sign Language,5ad4b978-495f-4093-9461-c194f58201ab
Class: Druid,499202e9-5c6d-4863-bd5c-ae565e07d321
R&B Music,bfa85d5d-28f2-4faa-81ac-9fa8995fe188
Champion: Alistar,39490173-ed5f-4271-96a8-26ab546ee1e9
Map: Howling Abyss,2976ff90-ca30-4640-a14f-9283780af8bc
Solos,8282259b-a997-4c63-b908-24027f64ac9a
Knitting,6ec0d7d3-594f-49a1-a86f-34e9b920621d
Hero: Torbjörn,ff19bb99-2102-4bf2-81fa-6c6fff8ffccf
Contemporary Dance,48f31aeb-6f50-4c78-a13d-b9bb47a8b745
Mode: Battle Royale,fd8f5e68-42d3-4544-a273-5fc92dabc568
Champion: Garen,a09075e5-e88f-4be8-9406-b8be75dbf6fd
Champion: Ryze,94641178-15ae-4495-b60b-16ed2fd5ced0
Chinese (Cantonese),0c8c6543-4019-47d0-9b8a-57a81ee6ace5
Standup Comedy,396aee63-bb8a-43c4-95da-98fca08e144b
First Playthrough,d0976a7e-26a7-4a48-9225-c522808540f2
Champion: Viktor,4a158add-6ab5-45a0-b27b-20e33aa8bb85
Hero: Reaper,bdfdab31-5d70-412b-b20e-3f00ea9e8c0b
Hero: Mei,7e4ec85c-32ca-4c4c-8f64-03bb89b2aa21
Traditional Dance,f05f75ed-2e5e-4cb3-91c9-a50ed2e5896a
BlizzCon,0c86fabf-317f-41e5-9eda-bd9880d70375
Automotive,1400ca9c-84ea-414e-a85b-076a70d38ecf
Fiber Arts,79dc53e2-32d1-4e6b-8276-22102c150c1b
Champion: Blitzcrank,7b4bdf9c-3d47-4380-8cd6-46f93a9ea470
Ranked (25),d10ac8c4-9182-4082-9cfd-ae348ffd3056
Arena,95d90f8a-393e-4bd5-947e-1124853d3ed7
Greek,902f6815-a655-4918-99e7-48c74a71feac
Champion: Diana,d34f15ef-03f5-4a5c-8c16-f78d5c923422
Arena (8 Wins),301697a0-218c-44fc-878f-826de45f6e37
Drones,aa971bdc-a28d-4a33-a686-f112c764e73b
Thai,f19c7524-c18d-41af-9f39-034c8d0b0fee
Champion: Taliyah,aa616af3-aeba-4dde-8320-ac5b5b70c7c5
No Backseat Gaming,69318d09-f132-4853-b4b6-09a0580f7092
Voice Acting,06ab147d-91b6-4c7f-83e4-2b337d2780d5
Easy Mode,1eea2343-ca8e-4606-ab21-5c64e129f6db
Comics,1d712738-c298-4ff9-9c15-671ae9a77b7c
Map: Guardian,f168dcce-e963-48b2-8f0e-49a387410f6c
Marathon,1706e401-a023-49fc-9b10-7bf73f59c940
Players Left: 26-50,ab340187-1794-4630-9eab-e3b75cc86381
Champion: Draven,86f660a1-4377-442c-94f1-91a5d51fa027
Map: Cobblestone,55ca4dfa-614e-4d1f-9ef3-550a1687fb49
Champion: Wukong,d050bbd5-b69b-4c5d-a131-8bf9850573b3
Mode: True Vault Hunter,a0bbbfd5-a59e-4005-8bcb-22e9c932a15b
Coloring,319e29b7-9b61-4f0b-ad11-43e4c01ca697
Gaming News,f4b7fa12-9f16-439f-a6b9-87efe9ecf3ba
Hero: Doomfist,5dcfb8aa-610b-49b9-a7e0-627cd72c7c93
Good Characters,ee1daaae-116a-44d6-9f40-09322caf3181
Champion: Tryndamere,02cc8a4a-94df-40dc-a713-fd843610fc86
Magic Tricks,1b70fcca-0579-446a-90d1-075c9ce62309
Pixel Art,3c0a4e1f-6863-4dad-bb4e-538326306bef
Modded,9458de4e-6d35-422a-84a9-f243a49c212e
Map: Butcher's Bridge,44fb8308-417d-48f9-a525-f39dad6dc682
Russian,0569b171-2a2b-476e-a596-5bdfb45a1327
Hero: Zenyatta,f1fb040a-c8e5-4954-96f6-2821173e8750
End Game,aeab850d-94ec-4af5-89a0-9eb1bf41558d
Music Production,ddb625af-5920-49cc-9f13-3716f87941dc
Champion: Kha'Zix,5ee5b552-4805-4afe-911c-4a3fc3faf33a
History,7e2022f8-924e-4a2f-bd67-92e5c051dc95
Shopping,f8629a4c-ecce-4eca-b8fe-31838605102c
Players Left: 0-25,85019a45-b8b4-4a32-a266-d35d0eb1eacb
Outdoors,89e105c9-2c45-42a9-a5f0-fc1ea6e7ba8b
Champion: Yuumi,f4e95487-6800-438d-bbb6-90883675f7a3
Game Development,f588bd74-e496-4d11-9169-3597f38a5d25
Champion: Malzahar,86f42ad4-f736-4046-9238-54494c04495b
Baseball,57765528-fcd4-4942-95e5-c18ce13427f1
Hiking,2a824c85-8c64-4a62-9532-84a50633c6fc
Deck Construction,3bbf3e11-717e-46af-aec3-37e4f9216db4
Turkish,f08d5873-f0c7-4912-94ba-a41933b4c141
Ranked (7),04eb0d32-9d06-487b-a55f-a0e325b008e5
Emote Design,9ba743f4-85e4-40e2-a83c-c5b24aab797b
Arena (2 Wins),1f3d978f-4fd9-4fb2-b34c-9f92c4e639e3
Duos,2e037750-5051-44ea-a51f-7a376bbacb29
Class: Priest,631e282e-2017-4964-b88b-d91a3ac9e356
Arena (7 Wins),ab38792c-f7a4-4efb-a04b-4fd83aa69e55
Web Development,c23ce252-cf78-4b98-8c11-8769801aaf3a
Business,c38aeb6e-e8c7-452a-88e1-a3ed62c2e846
Art Commissions,df448da8-7082-45b2-92ad-c624dba6551f
Champion: Heimerdinger,665fabf5-279e-4a00-b43f-53abde2f10cd
Glasswork,10e94b3e-333b-413a-989e-35635210c127
Champion: Miss Fortune,1ab59525-830b-47df-8ff5-e0543a964021
Body Painting,d11b9289-806a-403b-945a-afb47ad2eea5
Leatherwork,1e95d7b4-8dac-4b5f-81d5-f963fdc5d989
PvP,8486f56b-8677-44f7-8004-000295391524
Champion: Talon,206c66a3-3286-4b1f-81a5-9a3e613ac365
Champion: Shen,ce41d911-0ec3-4860-a474-dd246318493b
Coaching,62bc5436-6f91-446d-9651-da008da4e4bb
Crocheting,c50b4290-44da-4f41-94bd-1a64325aab08
Champion: Sejuani,4bd885d4-482e-46a9-828b-5a1c6b61a5c0
Korean,ab2975e3-b9ca-4b1a-a93e-fb61a5d5c3a4
Class: Warrior,74360028-fb89-4dc8-bba4-ed356b06a46a
Map: Twisted Treeline,155da6c1-10bb-4861-9e87-9a6ec8111d07
100%,e659959d-392f-44c5-83a5-fb959cdbaccc
Players Left: 51+,f52ae90d-941c-447e-bef1-558aea0165b8
Champion: Aphelios,7520738a-17c4-478c-9aa2-efd439019627
Arena (11 Wins),fa46ff4a-598a-41b8-a3d0-45e60658f0d9
Jazz Music,2892b8a9-5234-4de1-a575-9d7b00401f64
Hockey,c1ab2f2b-2065-47c9-9655-bb2cc280b7f1
Map: The Proving Grounds,6398cfd6-b130-4068-ae87-885b6fdbf0c7
Quilting,b0fe1976-afcd-4ea0-b55c-2d140cd2cd57
Charity,bb5e7234-380e-48ad-a59c-03e51274e478
Meme Runs,ab45fcb7-a22d-4a07-b0ac-fb3940566fa7
Ranked (10),10f7c6da-ff25-4f1c-9d35-3392ad9406ab
Champion: Sylas,f9738f8f-11fc-4648-b56e-939543bac323
Family Friendly,e90b5f6e-4c6e-4003-885b-4d0d5adeb580
Playing with Viewers,ac763b17-7bea-4632-9eb4-d106689ff409
Hero: Genji,541af8c5-c53a-426a-bbe3-40f93d03274e
Champion: Ziggs,9fdb3b20-a8b2-4dcb-808b-9e00c8619e98
Fishing,db2a18b3-3800-4949-9454-4ef1851b9895
Early Access Play,87461f91-8a5c-4233-92fd-38f321b8970d
Any%,c9193f35-a88f-4f03-af99-b73fe0db60f3
DJ,d81d54c8-d705-4df6-aaf0-01d715c1dbcc
Map: Canals,41aa9e95-04f0-4f5c-98aa-69130f6c6e68
Rock Music,f27da80e-b26a-447b-bcfa-b20ac049d333
Champion: Gragas,150a49ad-fd7d-4734-bfe7-2bc73e4ee16d
Chinese,74c92063-a389-4fd2-8460-b1bb82b04ec7
Map: Substructure 43,e91c303e-c169-4b0b-84a7-15f66884c8a5
Ranked (16),5cc94817-d9ec-450f-903f-933f30edf807
Champion: Veigar,f2faef80-26b6-40ed-b6af-8ffc332e9e09
Slovak,9b773670-05f8-4c06-ac99-e6649f906171
Champion: Vayne,17fe97b7-02de-4ae9-832d-2930f2b76b1c
Finance,738d81a3-d79a-44a8-8351-b406d96b9cd9
Surfing,8e44481a-4bc4-4155-b362-9bb499c15d3e
EU Server,dcf598ca-b5de-47d4-af33-ecabe9eaeee1
Speedrun,7cefbf30-4c3e-4aa7-99cd-70aabb662f27
Practice,04b4aaaa-c410-4c2e-9beb-da3896fc7d22
Map: Cache,fa956736-898b-42e2-8119-0251a7caafb6
Champion: Illaoi,26fdb7d2-9bc7-4ecf-b2ae-cd23250ec6b7
Ranked (4),0c57682a-cd5e-41af-acd7-38f3e4cf06ce
Champion: Kog'Maw,b06eaccc-2d73-4753-9d89-2d7d4d219b98
Blind Playthrough,d24d8407-b69f-466b-a059-b43ddacd3e7c
Champion: Fiddlesticks,48d20203-f815-4897-8c7f-a485c39aa999
Jewelry Making,54107c64-4d7b-4235-bd1f-4da1ef3b5d64
Map: Office,53df6265-2bf8-492f-bf4a-64576e26d081
Raid Content,ce8e38a5-bd6b-4bab-b671-d7144d85b266
Hero: Winston,5fee8e79-7b4f-4515-ba39-82536b49a263
Original Work,ba8a733b-9721-4980-812b-e40da19e860a
Vault Hunter: Moze,e2fc3838-3c58-44db-8b1c-b5d058acf479
Map: Summoner's Rift,51529054-5baf-493e-8961-2a43e4d0c6ac
Portuguese,39ee8140-901a-4762-bfca-8260dea1310f
Champion: Kennen,a2eec085-ecca-47ac-8692-fdd19e731bd1
Wargame,dbe20395-0e44-4156-92de-4a77f6cdccf0
Champion: Zac,aeb18d86-05cf-48df-9955-35869d23d064
Permadeath,e03c93a4-74ae-4358-8b3c-8189e5a1fbec
Editing,325a32c7-7b8e-48f8-b4fa-10875f18bb6d
Brewing,0c091738-2e83-4293-be16-6a2a77200399
Champion: Annie,f1b7902d-3d1d-49a8-81a1-ba39b024a399
English,6ea6bca4-4712-4ab9-a906-e3336a9d8039
Champion: Vi,1e9b48d5-cf43-43b4-8d53-c7ea9a698ef7
Mobile Development,6e23d976-33ec-47e8-b22b-3727acd41862
Hero: Moira,ace85ca5-bec4-4820-b941-ff92dbb8c42f
Champion: Kled,eed2fd35-ee4a-4738-b804-591f6f3b48a5
EGX,2e70d83a-5f54-4c87-b6ba-ce2060e08cbb
Champion: Udyr,defd6a54-3bad-4773-a874-0de11016e525
Stack Up,46a33c8e-d3c6-417b-bf77-2b43d74a9298
Hero: Lúcio,4740b6f8-d83f-420c-9586-be34e03c3efb
Champion: Rek'Sai,a61c1fac-f3f1-42ef-8391-02c383bf585c
League,e85e4ccb-41fa-45b4-9c3a-f37807af3a5a
Champion: Caitlyn,0add8d29-739d-4081-a0cd-248264b6706a
Ranked (17),4a16e54c-7fbb-423a-b623-b415d1192369
Hero: Ana,9dfacbd8-140a-49b8-a663-15e94e5fd0bb
Champion: Thresh,08f95707-9198-41d3-8de7-e75e88d4180c
Ranked (Legend),d9f4aac9-0ca6-4181-828b-4594725bfa0c
Dutch,e13e6734-37ae-4d85-897b-3015f0168355
Hero: McCree,69f89b9a-6efd-4520-a8ad-1047ea2b79e0
Skateboarding,fd6df368-7e76-4868-b9e9-b4f7cecc2f35
TwitchCon,f317a85e-495e-4aee-a0d2-0720bd00a6ce
Anime,6606e54c-f92d-40f6-8257-74977889ccdd
Game Show,6a0c6ea2-84eb-42b1-a8bb-59fd684bfe1a
Champion: Brand,9d44b933-752b-4b67-aa7a-f6a494fb255a
Class: Paladin,35c4c2dc-f42a-4adc-9083-0f71422967f3
Squads,2b2a4874-8a3c-4995-b9e2-2a0bce1eb536
St. Jude,74011d60-f364-4f56-ab7f-cde2662630dd
Hero: Orisa,65635721-439d-4919-9897-052f9c7f86a0
Champion: Twitch,51615231-6dac-4670-b53c-f0ac5615760a
WR Attempts,2b19c8f9-695f-4ea1-a5fe-eba176770dbc
Champion: Nasus,9655a9a7-2448-4d0e-9070-220015046193
Champion: Soraka,c77b098c-990e-4574-a549-6e8a80b7d51c
Champion: LeBlanc,17b14a44-ba65-46f3-9746-596d9f4f7a1a
Role: Bottom Lane,9fc09c8e-6a08-4e0a-a8cf-554a292b5d1d
Behind the Scenes,26befb18-4ddc-41c1-8d39-ffeada297428
Multiplayer,ff56eeeb-99ed-4a60-93fc-0b3f05d8661e
Meal Prep,3ce58361-f147-441d-a7c9-e98e3e916a39
Map: Custom,77b7abee-9518-485c-86ee-247d63cd2921
Champion: Graves,eb05423d-24c9-42fc-b629-7a9da67343f0
Plants,b76cb377-f766-48a7-b148-88bcb3932017
Ranked (14),a0311301-8c61-40f7-acf8-d47287e3d6fb
Champion: Renekton,fc512237-df97-4b0c-ba03-3f6c472470ba
Champion: Shaco,91e85abe-827e-432b-994a-063c49b9f86f
Pacifist Run,3453ef8c-bc39-4811-8fb5-595e7b96fc47
Champion: Nocturne,d0908c65-5e25-44eb-822a-a1c8d48dc0ec
Inking,50a54ea7-c9f5-4b59-8056-32f10b0d6983
Map: Deathmatch,b60e9856-780a-422d-9fca-fc5f1d661ad2
Programming,a59f1e4e-257b-4bd0-90c7-189c3efbf917
Interviews,c833db83-32d0-4026-b3df-637ccf7899fa
Champion: Quinn,ad498a9b-af1d-4d84-98e0-5e94e99e5a36
Ranked (13),65e1d43c-aca9-42a6-ae9d-b7acfffe05f9
Lettering,c5be8a99-b55a-4388-a0ce-bf3468984100
Subscriber Stream Tier 2+,a5eccd44-df34-4f3b-a330-59a3b3c86fa6
NG+,c67e3f4d-200f-4f75-a836-0420616054a7
Ranked (23),78d51a16-dc65-4ee7-a7b8-c2aa8e55c739
Traditional Art,5ec52c4f-a055-404c-82fe-ea98c74c7fe6
Festival,2068d8f3-269c-43f2-9a00-82aeb3f0a3b8
Champion: Azir,082f4e22-01ae-4dea-9626-a756ad024287
NA Server,353ab6ac-a0ee-404e-9bfa-217446b97718
Mindfulness,9801169b-afa4-4785-890e-53911955e4d7
Cooking,c267da2b-097a-4d7d-bb34-4b08498ac1a4
Texas Hold'em,59389904-284b-4479-9d7d-e519d8fa8fb0
Off Lane,d13a6c20-62be-493d-b059-93e8a4ce0ffb
Strength Training,07a1b526-3725-4ba5-8c53-efaad4941fb9
Auditory ASMR,64d9afa6-139a-48d5-ab4e-51d0a92b22de
GDC,db6f4909-bd28-420e-96b2-9934dd9c1c72
Warming Up,2920fbf2-293e-4753-8ec7-b69dba5392d0
Champion: Lissandra,8451acd0-dd0c-4020-aa1d-2a795794f781
Map: War Games,68eae067-3b5e-47f5-a0aa-382d6ca455b0
Champion: Teemo,6bd48943-908f-4420-bcef-936d7bc7dae1
Hindi,56d53a63-f048-40a9-ab61-d363aa3b9c57
Ranked (6),df014907-078c-4753-bcb0-b98926b0c777
Squad Stream,2a14b52e-d459-4c92-be11-5d86b898f6b6
TAS,0b83a789-5f6a-45f0-b6a3-a56926b6f8b5
Endurance Training,3379ff9c-3c15-4bef-bfb8-2085cd196062
Papercraft,b92810f0-0d48-4be6-90a3-766e53353ed7
Role: Support,dfa7dd87-18b5-47db-b7b7-bdb1ef69547c
Hidden Identity,0e2fce97-3d1b-4cd0-bd04-b9f9e2907b91
Hero: Junkrat,7188690d-fc79-4532-bf1d-6c145668cb74
Ranked (11),8be16429-f2ed-4277-b008-992d7b0312e0
Cash Game,eeea68da-c4b8-4268-b17a-eb0f30286843
Hero: Symmetra,134f1b41-9c63-4185-9268-c1826ff97163
Ranked (All),204f5ebe-a70d-404b-92ca-85ae40124887
Champion: Nidalee,2205312a-7b35-47b0-9e79-0504de0de5c5
VR,ca470745-c1df-4c11-9474-9ab79dfc1863
Racing,653ad792-5ec6-4bd9-aeb6-8a70b32f1ee4
Fashion,246d6e4b-b9c6-442b-9573-77028839f194
Map: Austria,369a8bb9-07b5-42c5-a12a-712c60e003b8
Champion: Jinx,049db58f-11d3-49b2-a9da-12d795814b62
Brickbuilding,f1e3759c-35b3-4858-a50f-8f9cafc2660f
Digital Art,02ba4017-ed3b-4b82-ab20-011860784f77
Metalwork,cee0e0bb-60b1-46a8-be53-ba46c05727b3
Champion: Xin Zhao,c17ecdd1-8acb-477d-bd1e-1fa5207bb89e
Filming,812a0088-22a9-4944-bb27-af0fa37b6085
Animation,e3a6b378-232b-4ec2-9a82-86b72851e09a
Visual ASMR,77223888-8535-4614-974b-b1b2673456eb
Electronic Music,338d7a92-8bcc-429e-a30c-9f1c41a2d79a
Indonesian,8b1246f2-2cec-4b90-9d86-01ebdf13b848
Educational,cea7bc0c-75a5-4446-8743-6db031b71550
Finnish,220eb274-ab25-425b-8a9b-826103404997
Champion: Jayce,e295411f-39e0-4280-a7a9-5cccf47468bb
Software Development,6f86127d-6051-4a38-94bb-f7b475dde109
Mode: Blackout,77e70c59-d6f9-44e7-a68e-608ebc173dbb
PB Attempts,77a928f7-39da-4dad-9d81-3e6bd7a36e04
Champion: Maokai,573ef090-80c6-4253-9fcc-10bea8ae20cc
Weather,8b3b089d-aae5-4a00-8d10-b01a28451b08
Champion: Elise,df81c65f-12a5-43a7-b402-d730b52e88ab
Champion: Vel'Koz,40a9b743-3446-4ab6-b0ec-744ad03fe22e
Spoilers Allowed,0074af4d-eb56-4e57-89b6-07c39c63c9c4
Subscriber Stream,c22bdbea-f4f9-40b4-9f01-bd6f702a37f8
Ranked (19),2d6c8647-6d50-4f8b-9247-cc8ea2ae40aa
Convention,1e399a95-33f1-47c6-9511-adfb1d72a61a
Mode: Creative,e590393c-084e-42d4-ae17-e15c9158b0e8
Hero: Bastion,01300eb0-6621-4979-9d15-711cf5f9a9c7
Champion: Cho'Gath,a98cbaa2-8b08-4d39-b076-ee565e2ed6e0
Game Jam,c48e0bf4-7a1b-4ffd-893c-12e46e664f7f
Class: Mage,f8d72838-f2c2-4b99-9a59-221174f6169d
Singing,8c1ada77-52f0-4935-a1b0-a02dc65f28b4
No Damage,a5067bb9-0567-483b-88a6-7aa79985f272
News,77017b7b-6b98-4f0d-bd39-3ba96b66ec7a
PvE,79977fb9-f106-4a87-a386-f1b0f99783dd
Champion: Kindred,bc7b34bf-c211-48cc-b443-f9a3dded9000
Hair Styling,2dd8ed44-9043-4457-bb8d-e6c9a35e0b4d
Champion: Sion,599567d4-989e-4e49-9381-8a4a4d2af675
Painting,1d3d4f9c-be88-44f3-8e80-3b0779308c64
Co-Stream,adb55316-f1ab-4f81-9ff5-17da7719d0ee
Vector Art,f0ab2b07-14ed-4429-8ea3-3d7d400a50cd
Scale Modeling,ea24c3ca-c351-4c6c-af02-2c44ef769d97
Class: Shaman,7f613168-c2fb-48f7-948b-a51aa8fd53d0
Map: Insertion,1c3b311e-3135-4f48-9fdf-1bf67817c4b4
Vietnamese,ba3b69fe-899c-4518-ac46-707275e3eba1
APAC Server,708c1251-4550-486a-942f-a1dcaabb41c8
Map: Weapons Expert,14a3b746-5962-4494-8f88-0aa7f04a490e
Czech,a6cddaba-f0ce-4526-9087-6de2f603a24d
Champion: Senna,748e3f95-f487-4fcd-9f71-e6ae0d2ee0e8
No Out of Bounds,09bc088e-ba15-41dc-beab-17dbcb04c800
Champion: Ahri,b2380cab-dfa9-4b5d-8d83-657ad15bd742
Ranked (1),5af25486-d66a-46d6-a44e-53b447471253
Polish,f9d04efa-6e25-49bf-bf0a-da3e2addaf1b
Champion: Amumu,baedcf3a-9e3e-4a22-91e3-99bdd494dfb8
Mode: All Pick,c99b9f84-9f15-4bc7-ab2f-a9da5eeb8cbf
Casual,1e12aebf-db6e-4bae-9e50-9f453bdd4e32
One-Shot Adventure,47d6503f-a62c-453d-8913-bbcbabeaac7f
Hero: Widowmaker,e398a41c-9101-435c-add2-fde26b7ef11f
Ranked (20),7dbd2b58-7ab0-4b17-b9de-bc4936db05dc
Tagalog,91d21edf-9d63-4ac8-9508-5448c3daf3f0
Unboxing,cd9ed640-426d-4a08-b8e0-417a61197264
Roleplay,0cb7e377-a308-44e8-91f7-07eea1d96129
Champion: Malphite,35a4e9b0-adfb-4afd-915f-26ecbd876980
Champion: Yasuo,c7fd9217-0556-451e-8e5e-5b8862e55068
Spanish,d4bb9c58-2141-4881-bcdc-3fe0505457d1
Graphic Design,0930677c-dd75-424d-9190-b779f3d1c136
Norwegian,5647bf35-f99e-49aa-8578-0e07d936188c
Mode: Adventure,36b47e6e-6cdf-46fa-a85e-bd18a64af7ad
Ceramics,42d950b3-e90f-4ef0-a22a-5e6a31d67ba5
Champion: Bard,b778a148-4a56-42ba-a1df-41ed8fa3119f
Competitive,1eba3cfe-51cc-460a-8259-bc8bb987f904
Extension Enhanced,b157e8d6-b7ba-49f4-836f-09886c072f1f
Arena (0 Wins),d7d1a99f-c01f-43bb-a333-f83a14521e29
Glitch Hunting,d6de2e71-689a-4c47-ad61-6ec6182f9491
Champion: Vladimir,522e0de6-c59f-43e9-b386-eb85676e64e0
BMX,e62cb1d5-a47d-4690-a373-fe4c0856f78b
Champion: Kai'Sa,caa22121-9c9a-435f-bada-d3e6603f58a8
Subscriber Stream Tier 3,080015ad-6e38-49b1-982a-57048244f7a8
Role: Jungle,e8344a1b-cdbb-42f3-860c-1bc0d9d86dc7
E3,d27da25e-1ee2-4207-bb11-dd8d54fa29ec
Champion: Sona,12503fd3-fc05-41c8-8546-123bc11d864e
Arena (4 Wins),99e39548-f407-44d1-9b12-2dcaadaa6659
Language: Other,fd76c790-0505-4c4c-865a-d6bd139c0901
Tournament,b13ce7d5-d513-49ff-a957-76f193df42aa
TGS,f831e32b-c9bd-4468-ba39-a74868885b18
Champion: Hecarim,3eb3f386-5a4e-4d12-95b1-c2b2b319f0f2
Mental Health,589c4c39-a3cc-41fa-b70c-bf0b735fa21f
Champion: Pyke,31b603f1-7b27-4c67-94bf-70515218b4ef
Singleplayer,26301bb2-91a3-4272-8a9b-5bcea6db0fcd
Backseat Gaming Allowed,96b6073f-450d-4248-8ed4-988e28f3f759
Hip Hop Dance,e2eab38e-8ce7-4b97-baaf-5f8e2296bfdd
Champion: Syndra,b9fe377f-d7cf-4539-9d0b-1d94b4ee20f6
Map: Overpass,4833e682-4707-4ef0-a804-929d11f4ad12
Ukrainian,b547f13b-4b4b-460f-97e6-3af350356a69
Illustration,dfaa4f24-e99f-430d-aa29-8fb2b2717ece
Champion: Zilean,16da1e18-73a5-40c2-8741-ccf10ce65c04
Skincare,e0bec521-5ff6-49cf-bea3-f01051c1da18
Champion: Xayah,6b04ce1d-77fb-4a40-b9ee-92014b3f8a9d
Warpless,69e12d80-7199-4e0a-b6aa-f9b1dd058bc5
Hero: D. Va,1508a106-3fc7-4f9b-a2e8-6b7db95d083e
Ranked (24),6d1af617-c56f-4717-8231-c07641a83ba2
Casual Playthrough,cc8d5abb-39c9-4942-a1ee-e1558512119e
Class: Warlock,8218a865-e965-4f63-b62b-7e7dffe4e30f
Champion: Leona,c667248d-9e5b-4173-93dc-421b090a8c8d
Glitched,5788eae8-312d-43b5-a0b6-465eda087617
Champion: Janna,292972f2-6beb-4e01-aa46-89dcfa4e4ef3
Champion: Singed,0f7aa164-cb9f-43b2-92ce-b548d7bda849
GameBlast,18f59f1f-993d-4f8a-b435-8129a84aab17
Perler,e582533d-dc1f-46bc-a94b-ac316a779635
Ballroom Dance,f6dda089-56ef-4fb5-b06e-ddeba46fb5f2
World Music,e525f885-ccc0-42dd-9b6e-0586f76fdb3c
Match Commentary,a005b174-b20e-46b1-8679-4589fef81c8e
LGBTQIA+,8bbdb07d-df18-4f82-a928-04a9003e9a7e
Champion: Skarner,bc1fe6d8-7140-43db-b321-889f42f93207
Cosplay,2ffd5c3e-b927-4749-ba53-79d3b626b2da
Champion: Gnar,b27efa1f-6942-47fe-ba40-6ca736f77b9d
Champion: Nunu & Willump,baf15243-fcae-41ad-92f3-dcd6e2e04fa6
Hard Mode,ba2c968b-867a-49ce-aebc-3d978a204f4a
Achievement Hunting,27937cec-5cfc-4f56-b1d3-f6e1d67735e2
Champion: Karma,129c2d6a-e516-4997-b618-bd8c7e02dbad
Movement Training,73645e21-02ae-4f39-bfb1-8dac623927ef
Radio,ffc3eb89-13e8-45cb-907f-4d9eb8f32d43
Hero: Pharah,13a88252-669c-44a3-885b-c10ee866d18d
Champion: Ornn,a7ba5663-ab9b-4148-93f5-ff4837863dbf
Arena (3 Wins),8ba7abde-ac48-4b5e-b9d3-633f96e6c119
Map: Dust,c01b2c46-ffd8-424d-bb37-cac288b75a3d
Mixology,b5cc71f3-4c4d-46ed-8041-2d5ecb525051
Role: Mid Lane,1c1381f5-ef49-416f-a6f3-fe493221f7b3
Balance Training,8315b8d6-9837-4218-9bc1-3c0a3e5bb41d
No Spoilers,eaba0ad7-c4e1-4878-b37f-01308dbb65c8
Champion: Zed,ade9bf21-ff49-4dac-82ed-87745ae96038
Character Creation,5e798958-88a4-474a-bd7f-07178a0def0c
Sit & Go,ea731a85-fd78-4cce-ab94-c71b2d0f9fc7
Mode: Zombies,60f44eae-0460-4cd4-b7cf-90567a031382
Ranked (15),7968b7b2-377c-4853-bdfc-0deba7843844
gamescom,f61b8fe6-d22b-4f0b-ac99-cd852bc1b0b9
Champion: Kayn,e02f1b3e-ac5e-4de6-870d-cea83b73f4d2
Map: Mirage,f60605b1-1d03-446a-b3a4-74ebe9ae1051
Hip Hop Music,5f0c32b8-2bdf-47e2-ae63-9abc2fe61776
Champion: Olaf,87e28ff1-447e-4305-bad9-6b58c3673a13
Bulgarian,21d85c73-701f-4259-8c4e-4321265847b5
Swedish,145b073b-cb70-4e91-b170-f5fab2ebba05
Country Music,ebb68e1c-7291-4350-a8f4-44b484f1da2f
Classical Music,60b8f13e-7022-481a-afff-07de3db129cc
Ranked (2),d00713db-08bb-40cc-90ca-1026ed54121f
Champion: Taric,b5564cc9-b3f8-4969-9931-c15ccc592d25
Champion: Sivir,04cb91b4-caf4-49a3-a373-67cebf412e89
Blues Music,26bb14e0-0b3e-4f7c-9701-16367b6d55e3
Champion: Darius,6634915b-b538-4824-855c-91e559b10567
Leveling,6433db3e-37a7-4590-915a-7c0949a4ac69
AMA,67259b26-ff83-444e-9d3c-faab390df16f
Robotics,56257f86-a66c-4ce8-af6d-89e9b1f13fed
Pop Music,744f1c0b-458e-4a12-a759-bfa2edb7c81a
Champion: Pantheon,de86f625-01f0-4036-bd1f-67710073d204
Makeup,52233ce2-9b31-4f67-8b39-12aea5df66bf
Game Awards,068c541b-dc07-4d7f-a689-5578f90905a9
Arena (9 Wins),a21f5839-2f8e-4681-b54c-36667299bd2b
Tavern Brawl,3424026b-d7e8-488f-921d-35dc8782f7f4
Champion: Neeko,9238308a-a439-4d15-b58d-c3b13d204c9a
Music Performance,0cb2549a-4f4b-4db1-ab5c-3b629c05c8f9
Hero: Soldier: 76,c8e18852-231c-4379-bdbe-ffd316bb3115
All Bosses,860f0dc1-5d6b-4504-a3e2-eca15a1cb816
Extra Life,3ef3258b-5623-41da-8f5f-169c716a84da
Viewer Levels,fec05015-e841-4cff-a53c-8aa1336cf863
Cooperative,63e83904-a70b-4709-b963-a37a105d9932
Map: Cosmic Ruins,14a33efa-d91b-4732-af42-b35a52ab2c44
Arena (10 Wins),184de3ec-43da-4920-b021-db5c9f74e038
Map: Agency,08254cd9-4ca6-4395-91c5-f3f2ec84ef27
Campaign Planning,1648d895-0548-4355-bdce-09c6fe3c4d21
Champion: Gangplank,f3ae08ec-4bfe-48a0-b219-4e2414a19a84
Champion: Nautilus,ed91f62b-f771-49b3-8583-7f30746eb0fc
Gardening,69b5f1ed-6224-49c2-8c87-708fe3850f0a
Reading Aloud,bd6fc011-575a-43f0-8418-9f912a295362
PAX,07e2c57f-86d3-43c9-b008-b04bfc9acc9d
Champion: Evelynn,cf75e96d-b046-4df9-966d-048dd8028ec7
KR Server,a1732569-de54-4b75-8a17-07744179f6d9
Engineering,dff0aca6-52fe-4cc4-a93a-194852b522f0
High Score Attempts,2bc53bf2-3abb-42ec-949f-ca50f60d1022
No Limit,b638f288-a35b-4b46-921e-54f59612a844
French,6f655045-9989-4ef7-8f85-1edcec42d648
Area Control,a7bd15ad-7d2b-4a4c-a7e9-e75a70b51e65
Rockets,89d8bfd0-0b87-468e-b24b-086b2d3cd3c8
Miniature Figures,54854b39-5f23-4ff2-b6a6-de0d2ff65107
Champion: Kayle,a0dcbc09-4ea0-46d3-93da-284556be214d
Champion: Xerath,3ff6217e-91f9-456e-a0a7-221c61ef35ee
Ranked (5),df4783cb-b654-496d-a970-922bbc90679e
Champion: Anivia,8c45213d-a507-4b70-bfb6-f9d70125b243
Champion: Mordekaiser,4935a247-3809-4ef2-b1f2-a004adcfd368
Champion: Lulu,9efc51a9-2264-4acb-a008-4604d41c6e14
American Football,1942f267-26a3-4ee8-9aa0-48cc4aea988e
Champion: Ekko,fc93b8ff-e178-40de-87db-6ee52a4d8bcc
Dice,5cf2121f-fff0-4375-84a7-4119d54a8b95
Blindfolded,2e048a36-0e6a-4322-a16b-45dd0268c9bf
Champion: Kalista,150a6d2f-5cde-4c62-bd2a-f6be779be848
Roll and Move,76e1d57a-8bce-4f05-95df-02fd1e536fef
Map: Crash Site,0450249d-4658-4efa-a1b4-ff21d24a67f7
Champion: Rengar,cc1c6b3e-1124-425b-9edf-cda72386b737
Arabic,73cc486a-e56b-41ed-a1df-7afedbc84f6f
Class: Hunter,af7cff47-c79b-4e4d-b795-717186781235
Champion: Varus,bd3ba942-ba38-44dd-b9a3-c1aa0348c7e6
Class: Rogue,dbacccc8-57e7-4411-9664-9982f96d629c
Champion: Orianna,bf713141-c968-47aa-9ae9-10c418b67c8f
Writing,81975ba3-5c53-41f8-b614-ce5b3193955a
Mixed Reality,ffc2deb9-cdac-4d5a-8554-381f165805ca
Drawing,f2d10665-9980-452a-b091-f0ca30777d4b
Unmodded,532af76e-eabd-451e-9709-cd1cc7653edb
Champion: Nami,8aa57b31-cdc5-429e-b607-fafa73683879
Exploration,a4fac2cc-7cd4-44a6-b620-178182389a5b
Hero: Sombra,55fafae2-4a49-493d-9dbb-fab1f8281d24
Beginner Players,ad18ee82-c0b2-46d4-b4f9-d45994443bd7
Role: Top Lane,7be27755-4983-491c-9247-04c035f06f40
Let's Play,8ba227ca-073c-46a7-b3cc-193e52c5ab4d
Analysis,ef4f33d5-a6cb-4935-bc1d-97c818a1e39e
Champion: Poppy,ada7253c-84ff-4798-9c56-8711f27f2695
Champion: Riven,f9de47bc-08da-4ad2-ba1f-d327809e4eb8
Cross-Stitch,572bbbbc-ab94-4cbd-8c1f-649d856267b5
Neutral Characters,d654ad53-a88a-4194-b3eb-ebb8654d17cf
Pyrography,987b6325-fb45-40a4-a710-32b86221a06c
Farming,3ffbec21-97a2-43f9-bd73-4506a1b4d62c
MMA,1a88aebe-e136-45f7-946c-f118f7e2dc51
Champion: Twisted Fate,82ca6a61-65c0-4332-acd2-4f667748b6be
Persistent Campaign,d35073b8-0e52-4375-9f75-3dde0c567911
Champion: Master Yi,30d91a3e-a422-404f-b4d2-ddb350aeb7a7
Champion: Zyra,65737da8-87b5-468a-9a85-d2740d7188b4
Wrestling,7199189a-0569-4854-908e-08e6c3667379
Hero: Reinhardt,4b6abc84-752b-42f5-b29b-b54a6ddb9b49
Party Game,13c95a9e-a17d-4225-b199-d08cb8e66f40
Ranked (8),0c040da1-c415-415b-aeae-7e2a889116f2
Hungarian,a298cca5-d408-47c7-a1e7-0c76ca878bc6
Danish,43e598cc-918b-4247-b02c-b13543a1eac9
Live Vlogging,7a3d677a-1e09-4391-b520-1fccc0e7d6ca
Map: Assault,3a528853-10d5-4ff9-a25c-b51390b94e89
Ranked (12),05ddd2b5-bdb7-4688-aaab-47f96c79fffc
Champion: Aatrox,1b8acdd1-0d40-475a-b091-1bdb6f5112d4
Randomizer,2fd30cb8-f2e5-415d-9d42-1316cfa61367
Map: Italy,08746541-88b5-4c6c-a4ee-dce5a776a225
Mode: Mayhem,4381920b-dd0c-4696-aad3-41f49202ff57
Fan Art,86bd38a4-8ef9-4e4a-892f-f4d0aa336d67
Champion: Jarvan IV,44941661-1181-4c07-a57a-857064b9cba3
Hero: Mercy,e24c239c-8c77-4e77-b794-6fd7f1c8bc45
Vault Hunter: Zane,060fbf32-f5b9-4262-8071-3fba1307fa36
Malay,34a56dbd-6add-49e6-83b6-cffacbf18bcd
Birthday,6c27ea04-fceb-4a13-8e5e-2c500432c7ff
12 Hour Challenge,a31daeb5-edc2-4b29-afa1-84c96612836d
Theater,44edf4da-f267-40e3-b6c8-0a21bcee4ba7
Champion: Zoe,2d0e4fd7-8d79-4703-a691-ca321e35a043
Composing,049c2888-172c-4b36-a964-cdfad1051604
Fantasy Sports,cb00cfe5-ae4e-4e4f-a8f1-8fa6ddec6361
Map: Valoran City Park,8b3cab40-815b-4be0-a8b9-9d6ddd2a21fb
Mode: Campaign,7ecdb5ae-e036-402e-8663-edc77167d6df
Champion: Fiora,901b63f1-ded1-41a7-b411-3f25c11e644e
Champion: Akali,fdf87a03-8b48-4176-9d40-de28ac9985d2
Champion: Yorick,94e78ff7-c274-4f46-8545-e8ebf37c73dd
Champion: Irelia,381aecd9-9f2a-4e87-b9c7-8214e4c6d93b
Champion: Kassadin,02d78d2d-a40e-4d9e-a3f0-5d8d5f315310
Champion: Lucian,1617f5cc-fd54-4376-b6e9-75210e1ca0c0
Ludum Dare,c8d6d6ee-3b02-4ae7-81e9-4c0f434941cc
Map: Nexus Blitz,32a099a8-0f2f-4e32-99b0-6c72c9d0a1a1
Hero: Brigitte,8024e9c8-0fe5-4dd7-aff8-67db7b008d12
No Major Glitches,d33671c6-d05b-44a6-a548-5d5930365882
Basketball,c9ee687c-e233-4e60-9a32-70eda37581c7
Pop Culture,0cfc77a1-9f3f-4858-8847-4b00c7a9aa8b
Low%,a716383e-a9ff-4531-be5f-e25cdd7585d8
Sewing,0b122d41-1e9b-4086-9a42-1e7db94f1bd1
Nail Art,e56c8206-64ca-4e25-ae38-f3732f49599d
Ranked (21),8d981af4-3429-45b6-b22b-324365d6b8ae
Draft,90cde8f1-1372-4c65-baac-0eb888c098bc
Champion: Rakan,c2cb3a29-d40f-4f01-8e47-02f8de4ab0af
Epic Level Characters,df262ff6-74d1-415b-942c-d584d44426c4
Woodwork,c0bfabb1-0a43-41a8-8f6c-c7c434ca18f9
Tattooing,55d222b4-0620-4791-97c5-e15b021bda63
KeyCaps,6e5ed4f2-ea10-4245-82c5-55e4c128eccf
Champion: Qiyana,eac291af-8b50-48f8-9563-596adda48ee7
Soccer,4ada413e-c7c4-4fc0-b3d6-ce4b98e0d5e3
Hero: Tracer,99e3f06a-a2b9-4963-bd2f-45283d644bc6
Worker Placement,06291cf5-d4e1-4c16-afbd-bd4282416ebc
Ranked,e1a43486-eee5-4f36-9ee6-76e72af00180
Champion: Rammus,f1c5bed2-589b-41b2-9b9f-87b442712cf7
Challenge Run,81df4005-f654-40b2-9fc0-9fd767bc8e3e
Animals,3dc8f084-d886-4264-b20f-8bd5f90562b5
Champion: Ivern,b7d95cf3-c8e1-4a56-b0e4-4090a32d8f93
Hero: Zarya,8f600f53-2a26-462b-aabf-936944e39c3b
Photo Mode,e22ac23e-c640-498b-b6a0-6e2009735497
Mode: Spectator,a4c5e6a9-5164-4775-959e-06167dbfa2d0
Omaha Hold'em,59468cdb-d497-4d39-b423-4882f184b357
Mode: Survival,292d76d1-b0a2-4175-a313-fdb2c970cd69
Champion: Ashe,9825093a-1775-48f6-96ba-9a62def57758
PC Building,b3d8d789-dd4d-4566-8a9b-62a182ada7d5
Champion: Rumble,60b3e94e-0157-41be-8fed-eccec945b985
Hero: Roadhog,a70a9584-8cfd-433f-9d41-96b27b717fdf
Dreamhack,c8b3c2eb-8e4b-478e-b4e7-4f01cc4dc34a
Retro,e027fb8b-219e-4959-8240-a4a082be0316
Ranked (3),4c735b64-52ee-4637-9144-b7d8bd0b4324
Champion: Warwick,e3837aaa-863d-4901-8293-25caba48311c
Ranked (22),3e025214-c235-4272-84fd-149a2b8dec64
Champion: Tristana,dfbbf058-7ee6-483b-bdc4-a2adfaca30bc
Routing,7ddba84a-594d-4a3f-9136-1484ce243d43
Arena (5 Wins),dcfab39b-587f-4719-90d8-3fef4112e156
Anniversary,b2c03e34-e7c2-4fcd-939a-6853838edce5
Champion: Braum,403f86c7-3b95-4054-8de4-d163180d2640
Fortune Telling,5464696d-e140-4625-94fd-1d0001e4b1ee
Romanian,75a99c80-0f15-4159-b1fd-3812c25b4aca
Gen Con,1a60fb07-26d0-450d-b777-f5414baabc28
Closed Captions,8a01ea18-df97-4046-9cff-a9a822bb96e5
Champion: Jax,a2b52993-d6ad-4a35-9ffe-e2ebfea77c33
Vault Hunter: Amara,f9029b6f-a894-482d-a77a-84598859b2a3
Champion: Shyvana,2ae0a562-49a5-4c22-a9aa-46e53876047e
Poker Mixed Games,423f9bc1-5b64-4355-8dfe-4d7466455ba2
Map: Inferno,3e10beee-52d8-4e68-89b7-dc4f20a47f86
Arena (All),6af91e74-c326-44d3-95ae-13b7841c200b
Champion: Trundle,7ac4b637-ae62-4b5c-b190-c23854472441
Champion: Camille,48e53ed8-3a3e-4bac-874c-3ee311db33b2
Champion: Volibear,cd63c8d3-effe-47c9-aeaf-cb624639617f
Champion: Corki,6280ea20-5034-439b-82e3-8f225b020c54
Champion: Cassiopeia,648b1f54-4f78-455c-99ba-50fb699313e8
Hero: Hanzo,48ac45a0-d1fe-44be-97d3-61b7c2cdf9a0
Vault Hunter: FL4K,d902fd55-1c9d-40ff-bbda-2efe8608f487
Champion: Lee Sin,243cc95d-d5a5-4074-8aa1-279cf613ed02
Social Eating,d4461e94-570b-4973-b6a1-3afe026c12ca
3D Printing,6803fe7e-4e3d-4369-a8ae-1dc2afb758f9
Dragon Con,d2e34e61-fbeb-4c70-9c98-474fce8df9e2
Map: Train,2d9d660d-c3c0-4231-aed1-81470ee0c27f
Glitchless,d557fc7d-23da-48aa-87a4-35877fd57646
Improv,d6bf03b8-42f4-4981-b070-841c7457a9aa
Pot Limit,c6a92e4a-827d-42c3-ac29-1f85c1209c60
3D Modeling,b97ee881-e15a-455d-9876-657fcba7cfd8
Champion: Katarina,9760cf1e-19cb-429e-81b8-a912a1c0fe15
Champion: Aurelion Sol,92d1e7dd-3eda-4e2e-95ea-63d6bd606db7
Champion: Tahm Kench,66b4ad89-0d1d-46ce-9ea1-0557ff9c00a8
German,9166ad14-41f1-4b04-a3b8-c8eb838c6be6
Travel,a6ff589a-33e5-4caf-8286-29dea98fc2e2
Champion: Ezreal,51348b14-547d-45b1-b496-042f988454c3
Ranked (9),870e760a-dd89-4d72-8297-e33f296bce20
Champion: Fizz,e5fb8bd0-9bf3-4c89-8916-bc8b74505aac
Arena (1 Win),98d84e29-3ba6-4618-951b-ef46a4e190a5
Champion: Jhin,6cc1cc0d-7b98-4f6b-b190-f1b0fc6380ad
Champion: Urgot,37a96413-f93f-4834-a9e4-537ca6da7ef2
Multi-Table Tournament,692af1d4-da0f-4b9b-889b-2579adc53765
Champion: Dr Mundo,e36e9f05-8cb6-4a5f-a09c-2ca253605a09
Level Design,85a78d1f-77e7-468e-a3e5-76ed7c99864b
Champion: Galio,8e38cd57-fa9e-4d96-912b-97443f9cc743
Baking,31866a92-269d-4df3-a2fb-58081bf97378
Ranked (18),53ee0936-c305-468e-86da-55cb2b07044f
Arena (6 Wins),b30e3442-9fe9-4825-9e23-5edd9685ad79
Sculpture,e844c795-5128-4ca0-a950-f64dabf5a324
Map: Dust II,5a62e451-be48-48cd-9a28-a1f30b28c419
Champion: Swain,5282a89f-b3c3-4a61-b2eb-764ea11d3954
G-Star,505e4b58-ad49-4c04-86a7-f7391cbf0b0a
Japanese,6ba1d230-e52f-4d81-b1e0-41f25a8a9f5d
Champion: Morgana,110f037d-c473-4e92-b23a-36e120e24f2d
Photography,e3c42c93-376e-4e8e-aa5d-c4e06a765416
Tutorial,dc709206-c072-4340-a706-694578574c7e
Italian,5b9935eb-1e9a-4217-98ad-62bda5cff0d1
Mode: Save the World,04c37d08-bdcb-42ed-a0c8-13191d2bce82
Champion: Karthus,a356b1c2-21b6-4ceb-9a99-20d6035a643e
Evil Characters,0cef8341-8c67-481f-95a8-325932a6699c
Missions (Knights of the Frozen Throne),4a06d676-c2d4-4aba-adbf-f4eb389797d9
